{
    "0": {
        "ID": [
            8,
            0,
            0
        ],
        "OfferTitle": "daily",
        "Cost": 5,
        "OldCost": 0,
        "Multiplier": [
            95,
            0,
            0,
            0
        ],
        "BrawlerID": [
            15,
            0,
            0,
            0
        ],
        "SkinID": [
            0,
            0,
            0
        ],
        "WhoBuyed": [
            5
        ],
        "Timer": 86400,
        "OfferBGR": "offer_gems",
        "ShopType": 1,
        "ShopDisplay": 1
    },
    "1": {
        "ID": [
            8,
            0,
            0
        ],
        "OfferTitle": "daily",
        "Cost": 33,
        "OldCost": 0,
        "Multiplier": [
            15,
            0,
            0,
            0
        ],
        "BrawlerID": [
            1,
            0,
            0,
            0
        ],
        "SkinID": [
            0,
            0,
            0
        ],
        "WhoBuyed": [],
        "Timer": 86400,
        "OfferBGR": "offer_gems",
        "ShopType": 1,
        "ShopDisplay": 1
    },
    "2": {
        "ID": [
            8,
            0,
            0
        ],
        "OfferTitle": "daily",
        "Cost": 36,
        "OldCost": 0,
        "Multiplier": [
            65,
            0,
            0,
            0
        ],
        "BrawlerID": [
            1,
            0,
            0,
            0
        ],
        "SkinID": [
            0,
            0,
            0
        ],
        "WhoBuyed": [],
        "Timer": 86400,
        "OfferBGR": "offer_gems",
        "ShopType": 1,
        "ShopDisplay": 1
    },
    "3": {
        "ID": [
            8,
            0,
            0
        ],
        "OfferTitle": "daily",
        "Cost": 46,
        "OldCost": 0,
        "Multiplier": [
            95,
            0,
            0,
            0
        ],
        "BrawlerID": [
            0,
            0,
            0,
            0
        ],
        "SkinID": [
            0,
            0,
            0
        ],
        "WhoBuyed": [
            5,
            4
        ],
        "Timer": 86400,
        "OfferBGR": "offer_gems",
        "ShopType": 1,
        "ShopDisplay": 1
    },
    "4": {
        "ID": [
            8,
            0,
            0
        ],
        "OfferTitle": "daily",
        "Cost": 29,
        "OldCost": 0,
        "Multiplier": [
            1,
            0,
            0,
            0
        ],
        "BrawlerID": [
            8,
            0,
            0
        ],
        "SkinID": [
            29,
            0,
            0,
            0
        ],
        "WhoBuyed": [
            5
        ],
        "Timer": 86400,
        "OfferBGR": "offer_gems",
        "ShopType": 1,
        "ShopDisplay": 1
    },
    "5": {
        "ID": [
            8,
            0,
            0
        ],
        "OfferTitle": "daily",
        "Cost": 149,
        "OldCost": 0,
        "Multiplier": [
            1,
            0,
            0,
            0
        ],
        "BrawlerID": [
            5,
            0,
            0
        ],
        "SkinID": [
            52,
            0,
            0,
            0
        ],
        "WhoBuyed": [],
        "Timer": 86400,
        "OfferBGR": "offer_gems",
        "ShopType": 1,
        "ShopDisplay": 1
    },
    "6": {
        "ID": [
            4,
            0,
            0
        ],
        "OfferTitle": "DAILY SKIN",
        "Cost": 149,
        "OldCost": 0,
        "Multiplier": [
            1,
            0,
            0,
            0
        ],
        "BrawlerID": [
            0,
            0,
            0
        ],
        "SkinID": [
            123,
            0,
            0,
            0
        ],
        "WhoBuyed": [],
        "Timer": 86400,
        "OfferBGR": "offer_gems",
        "ShopType": 0,
        "ShopDisplay": 0
    },
    "7": {
        "ID": [
            4,
            0,
            0
        ],
        "OfferTitle": "DAILY SKIN",
        "Cost": 79,
        "OldCost": 0,
        "Multiplier": [
            1,
            0,
            0,
            0
        ],
        "BrawlerID": [
            0,
            0,
            0
        ],
        "SkinID": [
            125,
            0,
            0,
            0
        ],
        "WhoBuyed": [],
        "Timer": 86400,
        "OfferBGR": "offer_gems",
        "ShopType": 0,
        "ShopDisplay": 0
    },
    "8": {
        "ID": [
            4,
            0,
            0
        ],
        "OfferTitle": "DAILY SKIN",
        "Cost": 29,
        "OldCost": 0,
        "Multiplier": [
            1,
            0,
            0,
            0
        ],
        "BrawlerID": [
            0,
            0,
            0
        ],
        "SkinID": [
            152,
            0,
            0,
            0
        ],
        "WhoBuyed": [],
        "Timer": 86400,
        "OfferBGR": "offer_gems",
        "ShopType": 0,
        "ShopDisplay": 0
    },
    "9": {
        "ID": [
            4,
            0,
            0
        ],
        "OfferTitle": "DAILY SKIN",
        "Cost": 189,
        "OldCost": 0,
        "Multiplier": [
            0,
            0,
            0
        ],
        "BrawlerID": [
            0,
            0,
            0
        ],
        "SkinID": [
            202,
            0,
            0
        ],
        "WhoBuyed": [
            1441,
            130,
            2,
            59,
            829,
            454,
            400,
            17,
            856,
            1308,
            211,
            675,
            682,
            403,
            612,
            804,
            155,
            13,
            544,
            197,
            692
        ],
        "Timer": 86400,
        "OfferBGR": "offer_gems",
        "ShopType": 0,
        "ShopDisplay": 0
    },
    "10": {
        "ID": [
            4,
            0,
            0
        ],
        "OfferTitle": "DAILY SKIN",
        "Cost": 203,
        "OldCost": 0,
        "Multiplier": [
            0,
            0,
            0
        ],
        "BrawlerID": [
            0,
            0,
            0
        ],
        "SkinID": [
            109,
            0,
            0
        ],
        "WhoBuyed": [
            1441,
            829,
            454,
            17,
            856,
            1308,
            211,
            675,
            804
        ],
        "Timer": 86400,
        "OfferBGR": "offer_gems",
        "ShopType": 0,
        "ShopDisplay": 0
    },
    "11": {
        "ID": [
            4,
            0,
            0
        ],
        "OfferTitle": "DAILY SKIN",
        "Cost": 155,
        "OldCost": 0,
        "Multiplier": [
            0,
            0,
            0
        ],
        "BrawlerID": [
            0,
            0,
            0
        ],
        "SkinID": [
            100,
            0,
            0
        ],
        "WhoBuyed": [
            1441,
            130,
            1308,
            211
        ],
        "Timer": 86400,
        "OfferBGR": "offer_gems",
        "ShopType": 0,
        "ShopDisplay": 0
    },
    "12": {
        "ID": [
            16,
            0,
            0
        ],
        "OfferTitle": "Подарок!",
        "Cost": 0,
        "OldCost": 0,
        "Multiplier": [
            20,
            0,
            0
        ],
        "BrawlerID": [
            0,
            0,
            0
        ],
        "SkinID": [
            0,
            0,
            0
        ],
        "WhoBuyed": [
            200,
            555,
            871,
            771,
            175,
            13,
            2,
            917,
            250,
            617,
            847,
            483,
            843,
            277,
            180,
            276,
            303,
            96,
            905,
            38,
            1057,
            264,
            1046,
            169,
            532,
            1030,
            824,
            577,
            359,
            1055,
            461,
            43,
            22,
            295,
            90,
            1058,
            755,
            76,
            98,
            14,
            142,
            403,
            1011,
            1049,
            874,
            794,
            858,
            65,
            373,
            34,
            150,
            155,
            1023,
            859,
            1060,
            710,
            884,
            1061,
            802,
            163,
            1059,
            36,
            293,
            632,
            280,
            472,
            400,
            701,
            875,
            692,
            130,
            275,
            1062,
            370,
            698,
            654,
            1038,
            1063,
            413,
            1064,
            132,
            834,
            943,
            563,
            45,
            356,
            730,
            63,
            804,
            129,
            648,
            211,
            842,
            945,
            1065,
            392,
            845,
            933,
            197,
            761,
            616,
            488,
            12,
            1066,
            311,
            124,
            1067,
            437,
            306,
            589,
            678,
            435,
            366,
            720,
            658,
            18,
            725,
            21,
            391,
            94,
            254,
            633,
            10,
            1054,
            1069,
            696,
            983,
            1004,
            1070,
            46,
            938,
            693,
            1056,
            39,
            856,
            669,
            191,
            198,
            202,
            1071,
            1072,
            970,
            345,
            817,
            1041,
            17,
            754,
            1073,
            916,
            1074,
            973,
            619,
            1010,
            66,
            214,
            544,
            448,
            747,
            947,
            499,
            219,
            29,
            243,
            665,
            852,
            816,
            454,
            1075,
            912,
            1076,
            736,
            811,
            1078,
            1077,
            1013,
            612,
            232,
            530,
            1079,
            1080,
            682,
            59,
            1081,
            1082,
            1083,
            1084,
            645,
            394,
            721,
            365,
            976,
            937,
            201,
            640,
            1085,
            440,
            500,
            1086,
            900,
            763,
            1087,
            397,
            272,
            73,
            1088,
            408,
            921,
            1089,
            300,
            1090,
            456,
            915,
            273,
            957,
            353,
            415,
            1029,
            1092,
            661,
            1093,
            193,
            821,
            810,
            571,
            1094,
            1095,
            459,
            121,
            823,
            1096,
            158,
            1097,
            1098,
            1099,
            40,
            1100,
            51,
            439,
            1101,
            576,
            1102,
            1103,
            252,
            137,
            407,
            248,
            1104,
            1105,
            868,
            1106,
            575,
            953,
            1111,
            1112,
            539,
            751,
            896,
            141,
            829,
            510,
            112,
            1113,
            580,
            1114,
            840,
            104,
            1115,
            541,
            1116,
            1117,
            660,
            37,
            424,
            1118,
            960,
            1123,
            1124,
            1125,
            1126,
            1127,
            885,
            1128,
            990,
            1130,
            1131,
            1132,
            423,
            1134,
            702,
            1135,
            1137,
            793,
            1138,
            1139,
            1140,
            1141,
            1142,
            1143,
            1144,
            1145,
            1146,
            1147,
            1148,
            1149,
            1150,
            1151,
            760,
            980,
            1031,
            677,
            1152,
            1153,
            1154,
            722,
            24,
            1155,
            1156,
            1157,
            1158,
            1161,
            1165,
            1166,
            1167,
            1168,
            1169,
            1170,
            954,
            1171,
            1172,
            1174,
            681,
            1175,
            695,
            1176,
            1177,
            1178,
            1022,
            1179,
            1180,
            1181,
            767,
            1182,
            1183,
            497,
            1043,
            1185,
            737,
            347,
            1186,
            1187,
            49,
            1188,
            313,
            657,
            1189,
            441,
            1190,
            1191,
            969,
            1192,
            887,
            819,
            1193,
            110,
            1194,
            1195,
            1196,
            1034,
            1197,
            1198,
            1199,
            1200,
            1201,
            1202,
            746,
            72,
            1203,
            1204,
            1205,
            1206,
            241,
            1207,
            1208,
            8,
            528,
            1210,
            1211,
            1212,
            1213,
            675,
            583,
            1214,
            1215,
            1217,
            1218,
            1219,
            1220,
            1221,
            1222,
            1223,
            557,
            176,
            1224,
            1225,
            1226,
            1227,
            1228,
            1229,
            1230,
            719,
            496,
            1231,
            418,
            1232,
            1233,
            1234,
            1235,
            1236,
            1237,
            1238,
            946,
            1239,
            1024,
            1240,
            1241,
            1242,
            1243,
            1244,
            584,
            1245,
            360,
            1246,
            1247,
            1248,
            1249,
            165,
            1251,
            228,
            1252,
            1253,
            1254,
            712,
            85,
            1255,
            1256,
            684,
            729,
            1257,
            1258,
            1259,
            1260,
            1261,
            1262,
            1263,
            1264,
            740,
            1265,
            1266,
            1267,
            1268,
            490,
            1269,
            1270,
            932,
            1271,
            307,
            1272,
            1273,
            1274,
            1275,
            1276,
            1277,
            1278,
            1280,
            1281,
            1282,
            1283,
            1284,
            1285,
            1286,
            1287,
            1288,
            1289,
            524,
            1290,
            1291,
            1292,
            935,
            1293,
            1294,
            1295,
            1296,
            1297,
            1299,
            1300,
            1301,
            1302,
            1303,
            1304,
            1305,
            1306,
            1307,
            1308,
            1309,
            1311,
            1310,
            1312,
            1313,
            1314,
            525,
            1047,
            1315,
            1316,
            138,
            1318,
            1319,
            1320,
            1279,
            474,
            1321,
            1322,
            1323,
            1324,
            70,
            1325,
            1326,
            1327,
            1328,
            1329,
            1330,
            221,
            1331,
            127,
            1332,
            1333,
            482,
            322,
            1334,
            1335,
            1336,
            1337,
            1338,
            1339,
            67,
            1340,
            1341,
            1342,
            1343,
            1344,
            378,
            1345,
            1346,
            1347,
            1348,
            694,
            1350,
            1351,
            1352,
            1357,
            1356,
            173,
            1361,
            596,
            1362,
            325,
            1363,
            1364,
            1365,
            1366,
            1367,
            1368,
            1369,
            1370,
            1371,
            1372,
            1374,
            1375,
            1376,
            1377,
            1378,
            1379,
            1380,
            1381,
            1382,
            1383,
            1384,
            1385,
            1386,
            1387,
            1388,
            1389,
            1390,
            1392,
            1393,
            1394,
            1395,
            1396,
            1398,
            1399,
            1400,
            1401,
            1402,
            1403,
            1404,
            1405,
            1406,
            1407,
            1409,
            1410,
            1411,
            1412,
            1413,
            1415,
            1416,
            1414,
            1417,
            1418,
            1408,
            1419,
            1420,
            1421,
            1422,
            797,
            1424,
            1425,
            1426,
            1428,
            1429,
            1430,
            1431,
            1432,
            1433,
            1434,
            1435,
            1436,
            1437,
            1438,
            1439,
            1440,
            1441,
            922,
            1003,
            1443,
            1444,
            1445,
            1446,
            1447,
            1448,
            1449,
            1450,
            1451,
            1452,
            663,
            506,
            1453,
            1454,
            1455,
            1457,
            1458,
            724,
            1459,
            1460,
            1461,
            1462,
            1463,
            1464,
            1465,
            1466,
            1467,
            1468,
            1469,
            1470,
            1471,
            1472,
            1473,
            1474,
            1475,
            393,
            1477,
            1478,
            1479,
            1480,
            1481,
            1482,
            1483,
            1484,
            1485,
            1486,
            1487,
            1488,
            1489,
            1490,
            1476,
            1491,
            1492,
            1495,
            1494,
            1496,
            1497,
            1498,
            504,
            1499,
            1500,
            1501,
            1502,
            1503,
            1504,
            1505,
            1506,
            1507,
            1508,
            1509,
            1510,
            1511,
            1512,
            1513,
            1514,
            1515,
            1516,
            1517,
            1518,
            1520,
            1521,
            1523,
            1524,
            1525,
            1526,
            982,
            1527,
            1528,
            1529,
            1530,
            1531,
            936,
            553,
            1532,
            1533,
            1534,
            1519,
            1535,
            1536,
            1537,
            1538,
            1539,
            1540,
            1541,
            1542,
            1543,
            1544,
            4,
            7,
            515,
            5
        ],
        "Timer": 86400,
        "OfferBGR": "0",
        "ShopType": 0,
        "ShopDisplay": 0
    }
}